INLINE NewItemTable,Name,Description,Use Desc,ID,Type,ItemAbility,Stat Boosts,Effectiveness,Uses,Mt,Hit,Wt,Crit,Range,Price Per Use,Weapon Level,Icon,Use Effect,Weapon Effect,Weapon EXP,Debuff Type,IER Byte,Item Skill
Nothing,0x0,0x0,0x0,0x0,0x0,0x0,0x0,0x0,0,0,0,0,0,0x0,0,NoRank,0x0,0x0,NoEffect,0,0x0,0x0,0x0
Iron Sword,IronSwordName,0x404,0x0,0x1,0x0,IsWeapon|Indestructible,0x0,0x0,46,5,100,5,0,0x11,10,ERank,0x0,0x0,NoEffect,1,0x0,0x0,0x0
Wingthresher,WingthresherName,0x404,0x0,0x2,0x0,IsWeapon|Indestructible,0x0,FlierEffectiveness|IsPointer,30,3,100,2,5,0x11,16,CRank,0x1,0x0,NoEffect,1,0x0,0x0,0x0
Steel Sword,SteelSwordName,0x404,0x0,0x3,0x0,IsWeapon|Indestructible,0x0,0x0,30,8,90,10,0,0x11,20,DRank,0x2,0x0,NoEffect,1,0x0,0x0,0x0
Silver Sword,SilverSwordName,0x404,0x0,0x4,0x0,IsWeapon|Indestructible,0x0,0x0,20,13,95,8,0,0x11,75,BRank,0x3,0x0,NoEffect,1,0x0,0x0,0x0
Devil Sword,DevilSwordName,0x404,0x0,0x5,0x0,IsWeapon|Indestructible,0x0,0x0,35,16,100,9,0,0x11,28,DRank,0x4,0x0,NoEffect,2,0x0,0x0,0x0
Ashiya Sword,AshiyaSwordName,0x404,0x0,0x6,0x0,IsWeapon|Indestructible,0x0,0x0,25,13,90,3,30,0x11,50,BRank,0x5,0x0,NoEffect,2,0x0,0x0,0x0
Levin Sword,LevinSwordName,0x404,0x0,0x7,0x0,IsWeapon|Indestructible|IsMagic,0x0,0x0,15,15,80,13,0,0x12,120,CRank,0x6,0x0,NoEffect,2,0x0,0x0,0x0
Venin Edge,VeninEdgeName,0x404,0x0,0x8,0x0,IsWeapon|Indestructible,0x0,0x0,40,3,70,6,0,0x11,0,DRank,0x7,0x0,PoisonEffect,1,0x0,0x0,0x0
Rapier,RapierName,0x404,0x0,0x9,0x0,IsWeapon|Indestructible,0x0,LordWeaponEffectiveness|IsPointer,40,7,95,5,10,0x11,150,CRank,0x8,0x0,NoEffect,2,0x0,0x0,0x0
Sword of Zoltan,ZoltanSwordName,0x404,0x0,0xa,0x0,IsWeapon|Indestructible,0x0,0x0,45,17,100,11,0,0x11,0,ARank,0x9,0x0,NoEffect,2,0x0,0x0,0x0
Brave Sword,BraveSwordName,0x404,0x0,0xb,0x0,IsWeapon|Indestructible|IsBrave,0x0,0x0,30,9,85,12,0,0x11,250,ARank,0xa,0x0,NoEffect,1,0x0,0x0,0x0
Wo Dao,WoDaoName,0x404,0x0,0xc,0x0,IsWeapon|Indestructible,0x0,0x0,20,8,95,5,40,0x11,60,DRank,0xb2,0x0,NoEffect,1,0x0,0x0,0x0
Killing Edge,KillingEdgeName,0x404,0x0,0xd,0x0,IsWeapon|Indestructible,0x0,0x0,20,9,85,7,30,0x11,65,CRank,0xc,0x0,NoEffect,1,0x0,0x0,0x0
Armorslayer,ArmorslayerName,0x404,0x0,0xe,0x0,IsWeapon|Indestructible,0x0,ArmorEffectiveness|IsPointer,18,10,90,10,0,0x11,70,DRank,0xd,0x0,NoEffect,1,0x0,0x0,0x0
Mercurius,MercuriusName,0x404,0x0,0xf,0x0,IsWeapon|Indestructible,0x0,DragonEffectiveness|IsPointer,30,20,100,5,0,0x11,150,SRank,0xe,0x0,NoEffect,1,0x0,0x0,0x0
Knight Captain Swd,KnightSwordName,KnightSwordDesc,0x0,0x10,0x0,IsWeapon|Indestructible,0x0,0x0,25,12,90,5,0,0x11,50,CRank,0xf,0x0,NoEffect,1,0x0,0x0,0x0
Athame,AthameName,0x404,0x0,0x11,0x0,IsWeapon|Indestructible,0x0,0x0,15,12,65,11,0,0x12,220,SRank,0x10,0x0,NosferatuEffect,1,0x0,0x0,0x0
Ridill,RidillName,0x404,0x0,0x12,0x0,IsWeapon|Indestructible|IsMagic,0x0,0x0,15,9,75,9,5,0x11,120,SRank,0x11,0x0,NoEffect,2,0x0,0x0,0x0
Shamshir,ShamshirName,0x404,0x0,0x13,0x0,IsWeapon|Indestructible,0x0,0x0,18,6,85,11,0,0x11,70,DRank,0x12,0x0,NoEffect,1,0x0,0x0,0x0
Iron Lance,IronLanceName,0x404,0x0,0x14,0x1,IsWeapon|Indestructible,0x0,0x0,45,7,95,7,0,0x11,8,ERank,0x13,0x0,NoEffect,1,0x0,0x0,0x0
Flycatcher,FlycatcherName,0x404,0x0,0x15,0x1,IsWeapon|Indestructible,0x0,FlierEffectiveness|IsPointer,30,4,85,4,5,0x11,15,CRank,0x14,0x0,NoEffect,1,0x0,0x0,0x0
Steel Lance,SteelLanceName,0x404,0x0,0x16,0x1,IsWeapon|Indestructible,0x0,0x0,30,10,85,11,0,0x11,16,DRank,0x15,0x0,NoEffect,2,0x0,0x0,0x0
Silver Lance,SilverLanceName,0x404,0x0,0x17,0x1,IsWeapon|Indestructible,0x0,0x0,20,14,90,9,0,0x11,60,BRank,0x16,0x0,NoEffect,1,0x0,0x0,0x0
Venin Lance,VeninLanceName,0x404,0x0,0x18,0x1,IsWeapon|Indestructible,0x0,0x0,40,4,65,8,0,0x11,0,DRank,0x17,0x0,PoisonEffect,1,0x0,0x0,0x0
Brave Lance,BraveLanceName,0x404,0x0,0x19,0x1,IsWeapon|Indestructible|IsBrave,0x0,0x0,30,10,70,14,0,0x11,250,ARank,0x18,0x0,NoEffect,1,0x0,0x0,0x0
Killer Lance,KillerLanceName,0x404,0x0,0x1a,0x1,IsWeapon|Indestructible,0x0,0x0,20,10,70,9,30,0x11,60,CRank,0x19,0x0,NoEffect,1,0x0,0x0,0x0
Horseslayer,HorseslayerName,0x404,0x0,0x1b,0x1,IsWeapon|Indestructible,0x0,HorseEffectiveness|IsPointer,16,10,80,13,0,0x11,65,DRank,0x1a,0x0,NoEffect,1,0x0,0x0,0x0
Javelin,JavelinName,0x404,0x0,0x1c,0x1,IsWeapon|Indestructible,0x0,0x0,20,6,85,11,0,0x12,20,DRank,0x1b,0x0,NoEffect,1,0x0,0x0,0x0
Spear,SpearName,0x404,0x0,0x1d,0x1,IsWeapon|Indestructible,0x0,0x0,15,12,70,10,5,0x12,600,ARank,0x1c,0x0,NoEffect,1,0x0,0x0,0x0
Blessed Lance,BlessedLanceName,0x404,0x0,0x1e,0x1,IsWeapon|Indestructible,0x0,0x0,15,10,70,11,5,0x11,130,CRank,0x1d,0x0,NoEffect,2,0x0,0x0,0x0
Iron Axe,IronAxeName,0x404,0x0,0x1f,0x2,IsWeapon|Indestructible,0x0,0x0,45,8,90,9,0,0x11,6,ERank,0x1e,0x0,NoEffect,1,0x0,0x0,0x0
Steel Axe,SteelAxeName,0x404,0x0,0x20,0x2,IsWeapon|Indestructible,0x0,0x0,30,11,80,13,0,0x11,12,DRank,0x1f,0x0,NoEffect,2,0x0,0x0,0x0
Silver Axe,0x0,0x404,0x0,0x21,0x2,IsWeapon|Indestructible,0x0,0x0,20,15,95,11,0,0x11,50,BRank,0x20,0x0,NoEffect,1,0x0,0x0,0x0
Venin Axe,0x0,0x404,0x0,0x22,0x2,IsWeapon|Indestructible,0x0,0x0,40,4,85,10,0,0x11,0,DRank,0x21,0x0,PoisonEffect,1,0x0,0x0,0x0
Brave Axe,0x0,0x404,0x0,0x23,0x2,IsWeapon|Indestructible|IsBrave,0x0,0x0,30,10,65,16,0,0x11,250,ARank,0x22,0x0,NoEffect,1,0x0,0x0,0x0
Killer Axe,0x0,0x404,0x0,0x24,0x2,IsWeapon|Indestructible,0x0,0x0,20,11,65,11,30,0x11,50,CRank,0x23,0x0,NoEffect,1,0x0,0x0,0x0
Mace,0x0,0x404,0x0,0x25,0x2,IsWeapon|Indestructible,0x0,ArmorEffectiveness|IsPointer,18,9,90,10,0,0x11,45,DRank,0x24,0x0,NoEffect,1,0x0,0x0,0x0
Hammer,0x0,0x404,0x0,0x26,0x2,IsWeapon|Indestructible,0x0,ArmorEffectiveness|IsPointer,20,12,75,15,0,0x11,40,DRank,0x25,0x0,NoEffect,2,0x0,0x0,0x0
Devil Axe,0x0,0x404,0x0,0x27,0x2,IsWeapon|Indestructible,0x0,0x0,20,18,90,13,0,0x11,45,ERank,0x26,0x0,DevilEffect,8,0x0,0x0,0x0
Hand Axe,HandAxeName,0x404,0x0,0x28,0x2,IsWeapon|Indestructible,0x0,0x0,20,7,80,12,0,0x12,15,DRank,0x27,0x0,NoEffect,1,0x0,0x0,0x0
Tomahawk,0x0,0x404,0x0,0x29,0x2,IsWeapon|Indestructible,0x0,0x0,15,13,65,14,0,0x12,200,ARank,0x28,0x0,NoEffect,1,0x0,0x0,0x0
Bolt Axe,0x0,0x404,0x0,0x2a,0x2,IsWeapon|Indestructible|IsMagic,0x0,0x0,15,11,65,13,5,0x11,140,CRank,0x29,0x0,NoEffect,2,0x0,0x0,0x0
Axe of Zoltan,0x0,0x404,0x0,0x2b,0x2,IsWeapon|Indestructible,0x0,ArmorEffectiveness|IsPointer,20,11,80,13,5,0x11,100,ARank,0x2a,0x0,NoEffect,1,0x0,0x0,0x0
Short Axe,0x0,0x404,0x0,0x2c,0x2,IsWeapon|Indestructible,0x0,0x0,50,4,85,5,0,0x12,0,BRank,0xb9,0x0,NoEffect,1,0x0,0x0,0x0
Iron Bow,IronBowName,0x404,0x0,0x2d,0x3,IsWeapon|Indestructible,0x0,FlierEffectiveness|IsPointer,45,6,95,5,0,0x23,12,ERank,0x2b,0x0,NoEffect,1,0x0,0x0,0x0
Steel Bow,SteelBowName,0x404,0x0,0x2e,0x3,IsWeapon|Indestructible,0x0,FlierEffectiveness|IsPointer,30,9,85,9,0,0x23,24,DRank,0x2c,0x0,NoEffect,1,0x0,0x0,0x0
Silver Bow,0x0,0x404,0x0,0x2f,0x3,IsWeapon|Indestructible,0x0,FlierEffectiveness|IsPointer,20,13,90,6,0,0x23,80,BRank,0x2d,0x0,NoEffect,1,0x0,0x0,0x0
Venin Bow,0x0,0x404,0x0,0x30,0x3,IsWeapon|Indestructible,0x0,FlierEffectiveness|IsPointer,40,4,65,5,0,0x23,0,DRank,0x2e,0x0,PoisonEffect,1,0x0,0x0,0x0
Killer Bow,0x0,0x404,0x0,0x31,0x3,IsWeapon|Indestructible,0x0,FlierEffectiveness|IsPointer,20,9,75,7,30,0x23,70,CRank,0x2f,0x0,NoEffect,1,0x0,0x0,0x0
Brave Bow,0x0,0x404,0x0,0x32,0x3,IsWeapon|Indestructible|IsBrave,0x0,FlierEffectiveness|IsPointer,30,10,70,12,0,0x23,250,ARank,0x30,0x0,NoEffect,1,0x0,0x0,0x0
Blessed Bow,0x0,0x404,0x0,0x33,0x3,IsWeapon|Indestructible,0x0,FlierEffectiveness|IsPointer,22,5,85,3,10,0x23,80,CRank,0x31,0x0,NoEffect,2,0x0,0x0,0x0
Longbow,0x0,0x404,0x0,0x34,0x3,IsWeapon|Indestructible,0x0,FlierEffectiveness|IsPointer,20,5,65,10,0,0x35,100,CRank,0x32,0x0,NoEffect,1,0x0,0x0,0x0
Ballista,0x0,0x404,0x0,0x35,0x3,IsWeapon|Indestructible|Uncounterable,0x0,FlierEffectiveness|IsPointer,5,8,60,20,0,0x3a,0,ERank,0x33,0x0,NoEffect,4,0x0,0x0,0x0
Iron Ballista,0x0,0x404,0x0,0x36,0x3,IsWeapon|Indestructible|Uncounterable,0x0,FlierEffectiveness|IsPointer,5,13,60,20,0,0x3f,0,ERank,0x34,0x0,NoEffect,4,0x0,0x0,0x0
Killer Ballista,0x0,0x404,0x0,0x37,0x3,IsWeapon|Indestructible|Uncounterable,0x0,FlierEffectiveness|IsPointer,5,12,65,20,10,0x3a,0,ERank,0x35,0x0,NoEffect,4,0x0,0x0,0x0
Fire,FireName,0x404,0x0,0x38,0x5,IsWeapon|Indestructible|IsMagic,0x0,0x0,40,5,90,3,0,0x12,14,ERank,0x36,0x0,NoEffect,1,0x0,0x0,0x0
Bolganone,BolganoneName,0x404,0x0,0x39,0x5,IsWeapon|Indestructible|IsMagic,0x0,0x0,35,10,80,6,0,0x12,20,DRank,0x37,0x0,NoEffect,1,0x0,0x0,0x0
Ragnarok,RagnarokName,0x404,0x0,0x3a,0x5,IsWeapon|Indestructible|IsMagic,0x0,0x0,30,17,85,9,0,0x12,40,BRank,0x38,0x0,NoEffect,2,0x0,0x0,0x0
Thunder,0x0,0x404,0x0,0x3b,0x5,IsWeapon|Indestructible|IsMagic,0x0,0x0,5,4,60,4,0,0x12,500,ERank,0x39,0x0,CannotDoubleEffect,1,0x0,0x0,0x0
Thoron,0x0,0x404,0x0,0x3c,0x5,IsWeapon|Indestructible|IsMagic,0x0,0x0,20,9,80,8,0,0x13,300,CRank,0x3a,0x0,NoEffect,1,0x0,0x0,0x0
Bolting,0x0,0x404,0x0,0x3d,0x5,IsWeapon|Indestructible|IsMagic|Uncounterable,0x0,0x0,20,12,85,18,0,0x3a,0,ARank,0x3b,0x0,NoEffect,1,0x0,0x0,0x0
Wind,0x0,0x404,0x0,0x3e,0x5,IsWeapon|Indestructible|IsMagic,0x0,0x0,30,3,90,2,0,0x12,0,ERank,0x3c,0x0,NoEffect,1,0x0,0x0,0x0
Cutting Gale,0x0,0x404,0x0,0x3f,0x5,IsWeapon|Indestructible|IsMagic,0x0,0x0,35,8,95,5,0,0x12,18,DRank,0x3d,0x0,NoEffect,1,0x0,0x0,0x0
Excalibur,0x0,0x404,0x0,0x40,0x5,IsWeapon|Indestructible|IsMagic,0x0,FlierEffectiveness|IsPointer,30,13,90,8,0,0x12,30,BRank,0x3e,0x0,NoEffect,2,0x0,0x0,0x0
Blizzard,0x0,0x404,0x0,0x41,0x5,IsWeapon|Indestructible|IsMagic,0x0,0x0,25,5,85,4,10,0x12,100,ERank,0x3f,0x0,NoEffect,1,0x0,0x0,0x0
Fimbulvetr,0x0,0x404,0x0,0x42,0x5,IsWeapon|Indestructible|IsMagic,0x0,0x0,5,14,75,10,20,0x12,600,CRank,0x40,0x0,CannotDoubleEffect,3,0x0,0x0,0x0
Sagittae,0x0,0x404,0x0,0x43,0x5,IsWeapon|Indestructible|IsMagic,0x0,0x0,20,12,85,12,0,0x14,400,BRank,0x41,0x0,NoEffect,1,0x0,0x0,0x0
Meteor,0x0,0x404,0x0,0x44,0x5,IsWeapon|Indestructible|IsMagic|Uncounterable,0x0,0x0,20,13,85,18,0,0x3a,200,ARank,0x42,0x0,NoEffect,3,0x0,0x0,0x0
Agnea's Arrow,0x0,0x404,0x0,0x45,0x5,IsWeapon|Indestructible|IsMagic,0x0,0x0,45,21,80,14,10,0x12,20,ARank,0x43,0x0,NoEffect,1,0x0,0x0,0x0
Miasma,0x0,0x404,0x0,0x46,0x5,IsWeapon|Indestructible|IsMagic,0x0,0x0,30,0,50,12,0,0x12,140,ERank,0x44,0x0,NoEffect,1,0x0,0x0,0x0
Mire,0x0,0x404,0x0,0x47,0x5,IsWeapon|Indestructible|IsMagic,0x0,0x0,20,10,70,14,0,0x13,160,DRank,0x45,0x0,NosferatuEffect,1,0x0,0x0,0x0
Swarm,0x0,0x404,0x0,0x48,0x5,IsWeapon|Indestructible|IsMagic,0x0,0x0,5,255,30,12,0,0x12,800,DRank,0x46,0x0,EclipseEffect,8,0x0,0x0,0x0
Banshee,0x0,0x404,0x0,0x49,0x5,IsWeapon|Indestructible|IsMagic,0x0,0x0,20,15,70,18,0,0x12,450,CRank,0x47,0x0,NoEffect,1,0x0,0x0,0x0
Death,0x0,0x404,0x0,0x4a,0x5,IsWeapon|Indestructible|IsMagic,0x0,0x0,30,23,80,20,0,0x13,0,BRank,0xbc,0x0,NoEffect,3,0x0,0x0,0x0
Heal,0x0,0x404,0x4af,0x4b,0x4,IsStaff,0x0,0x0,30,0,100,2,0,0x11,20,ERank,0x49,0x1,NoEffect,2,0x0,0x0,0x0
Mend,0x0,0x404,0x4b0,0x4c,0x4,IsStaff,0x0,0x0,20,0,100,4,0,0x11,50,DRank,0x4a,0x2,NoEffect,3,0x0,0x0,0x0
Recover,0x0,0x404,0x4b1,0x4d,0x4,IsStaff,0x0,0x0,15,0,100,6,0,0x11,150,CRank,0x4b,0x3,NoEffect,3,0x0,0x0,0x0
Physic,0x0,0x404,0x4b2,0x4e,0x4,IsStaff,0x0,0x0,15,0,100,5,0,0x10,250,BRank,0x4c,0x4,NoEffect,3,0x0,0x0,0x0
Fortify,0x0,0x404,0x4b3,0x4f,0x4,IsStaff,0x0,0x0,8,0,100,7,0,0x10,1000,ARank,0x4d,0x5,NoEffect,5,0x0,0x0,0x0
Restore,0x0,0x404,0x4b4,0x50,0x4,IsStaff,0x0,0x0,10,0,100,4,0,0x11,200,CRank,0x4e,0x6,NoEffect,3,0x0,0x0,0x0
Silence,0x0,0x404,0x4b5,0x51,0x4,IsStaff,0x0,0x0,3,0,70,7,0,0x10,400,BRank,0x4f,0x7,NoEffect,5,0x0,"ItemStatus(SilenceStatusID,5)",0x0
Sleep,0x0,0x404,0x4b6,0x52,0x4,IsStaff,0x0,0x0,3,0,65,8,0,0x10,500,BRank,0x50,0x8,NoEffect,5,0x0,"ItemStatus(SleepStatusID,5)",0x0
Berserk,0x0,0x404,0x4b7,0x53,0x4,IsStaff,0x0,0x0,3,0,60,8,0,0x10,600,BRank,0x51,0x9,NoEffect,5,0x0,"ItemStatus(BerserkStatusID,5)",0x0
Warp,0x0,0x404,0x4b8,0x54,0x4,IsStaff,0x0,0x0,5,0,100,5,0,0x11,1500,ARank,0x52,0xa,NoEffect,7,0x0,0x0,0x0
Rescue,0x0,0x404,0x4b9,0x55,0x4,IsStaff,0x0,0x0,3,0,100,6,0,0x10,600,BRank,0x53,0xb,NoEffect,7,0x0,0x0,0x0
Torch,0x0,0x404,0x4ba,0x56,0x4,IsStaff,0x0,0x0,10,0,100,5,0,0x10,100,DRank,0x54,0xc,NoEffect,5,0x0,0x0,0x0
Hammerne,0x0,0x404,0x4bb,0x57,0x4,IsStaff|CannotRepair,0x0,0x0,3,0,100,7,0,0x11,600,CRank,0x55,0xd,NoEffect,8,0x0,0x0,0x0
Unlock,0x0,0x404,0x4bc,0x58,0x4,IsStaff,0x0,0x0,10,0,100,7,0,0x12,150,DRank,0x56,0xe,NoEffect,5,0x0,0x0,0x0
Barrier,0x0,0x404,0x4bd,0x59,0x4,IsStaff,0x0,0x0,15,0,100,4,0,0x11,150,CRank,0x57,0xf,NoEffect,4,0x0,0x0,0x0
Dragon Axe,0x0,0x404,0x0,0x5a,0x2,IsWeapon|Indestructible,0x0,DragonEffectiveness|IsPointer,30,12,60,11,0,0x11,150,CRank,0x58,0x0,NoEffect,1,0x0,0x0,0x0
Angelic Robe,0x0,0x404,0x4c1,0x5b,0x9,0x0,0x88aeedc,0x0,1,0,0,0,0,0x11,8000,NoRank,0x59,0x10,NoEffect,0,0x0,0x0,0x0
Energy Ring,0x0,0x404,0x4c2,0x5c,0x9,0x0,0x88aeee8,0x0,1,0,0,0,0,0x11,8000,NoRank,0x5a,0x11,NoEffect,0,0x0,0x0,0x0
Secret Book,0x0,0x404,0x4c3,0x5d,0x9,0x0,0x88aeef4,0x0,1,0,0,0,0,0x11,8000,NoRank,0x5b,0x12,NoEffect,0,0x0,0x0,0x0
Speedwings,0x0,0x404,0x4c4,0x5e,0x9,0x0,0x88aef00,0x0,1,0,0,0,0,0x11,8000,NoRank,0x5c,0x13,NoEffect,0,0x0,0x0,0x0
Goddess Icon,0x0,0x404,0x4c5,0x5f,0x9,0x0,0x88aef0c,0x0,1,0,0,0,0,0x11,8000,NoRank,0x5d,0x14,NoEffect,0,0x0,0x0,0x0
Dragonshield,0x0,0x404,0x4c6,0x60,0x9,0x0,0x88aef18,0x0,1,0,0,0,0,0x11,8000,NoRank,0x5e,0x15,NoEffect,0,0x0,0x0,0x0
Talisman,0x0,0x404,0x4c7,0x61,0x9,0x0,0x88aef24,0x0,1,0,0,0,0,0x11,8000,NoRank,0x5f,0x16,NoEffect,0,0x0,0x0,0x0
Swiftsoles,0x0,0x404,0x4c8,0x62,0x9,0x0,0x88aef30,0x0,1,0,0,0,0,0x11,8000,NoRank,0x60,0x17,NoEffect,0,0x0,0x0,0x0
Body Ring,0x0,0x404,0x4c9,0x63,0x9,0x0,0x88aef3c,0x0,1,0,0,0,0,0x11,8000,NoRank,0x61,0x18,NoEffect,0,0x0,0x0,0x0
Hero Crest,0x0,0x404,0x4ca,0x64,0x9,0x0,0x0,0x0,1,0,0,0,0,0x11,10000,NoRank,0x62,0x19,NoEffect,0,0x0,0x0,0x0
Knight Crest,0x0,0x404,0x4cb,0x65,0x9,0x0,0x0,0x0,1,0,0,0,0,0x11,10000,NoRank,0x63,0x1a,NoEffect,0,0x0,0x0,0x0
Orion's Bolt,0x0,0x404,0x4cc,0x66,0x9,0x0,0x0,0x0,1,0,0,0,0,0x11,10000,NoRank,0x64,0x1b,NoEffect,0,0x0,0x0,0x0
Elysian Whip,0x0,0x404,0x4cd,0x67,0x9,0x0,0x0,0x0,1,0,0,0,0,0x11,10000,NoRank,0x65,0x1c,NoEffect,0,0x0,0x0,0x0
Guiding Ring,0x0,0x404,0x4ce,0x68,0x9,0x0,0x0,0x0,1,0,0,0,0,0x11,10000,NoRank,0x66,0x1d,NoEffect,0,0x0,0x0,0x0
Chest Key,0x0,0x404,0x4cf,0x69,0x9,0x0,0x0,0x0,1,0,0,0,0,0x11,300,NoRank,0x67,0x1e,NoEffect,0,0x0,0x0,0x0
Door Key,0x0,0x404,0x4d0,0x6a,0x9,0x0,0x0,0x0,1,0,0,0,0,0x11,50,NoRank,0x68,0x1f,NoEffect,0,0x0,0x0,0x0
Lockpick,0x0,0x404,0x4d1,0x6b,0x9,0x0,0x0,0x0,15,0,0,0,0,0x11,80,NoRank,0x69,0x20,NoEffect,0,0x0,0x0,0x0
Vulnerary,VulneraryName,0x404,0x4d2,0x6c,0x9,0x0,0x0,0x0,3,0,0,0,0,0x11,100,NoRank,0x6a,0x21,NoEffect,0,0x0,0x0,0x0
Elixir,0x0,0x404,0x4d3,0x6d,0x9,0x0,0x0,0x0,3,0,0,0,0,0x11,1000,NoRank,0x6b,0x22,NoEffect,0,0x0,0x0,0x0
Pure Water,0x0,0x404,0x4d4,0x6e,0x9,0x0,0x0,0x0,3,0,0,0,0,0x11,300,NoRank,0x6c,0x23,NoEffect,0,0x0,0x0,0x0
Antitoxin,0x0,0x404,0x4d5,0x6f,0x9,0x0,0x0,0x0,3,0,0,0,0,0x11,150,NoRank,0x6d,0x24,NoEffect,0,0x0,0x0,0x0
Torch,0x0,0x404,0x4d6,0x70,0x9,0x0,0x0,0x0,5,0,0,0,0,0x11,100,NoRank,0x6e,0x25,NoEffect,0,0x0,0x0,0x0
Filli Shield,0x0,0x404,0x4d7,0x71,0x9,Indestructible|NegateFlyingEffectiveness,0x0,0x0,0,0,0,0,0,0x11,10000,NoRank,0xda,0x0,NoEffect,0,0x0,0x0,0x0
Member Card,0x0,0x404,0x4d8,0x72,0x9,0x0,0x0,0x0,1,0,0,0,0,0x11,6000,NoRank,0x84,0x0,NoEffect,0,0x0,0x0,0x0
Silver Card,0x0,0x404,0x4d9,0x73,0x9,0x0,0x0,0x0,1,0,0,0,0,0x11,4000,NoRank,0x85,0x0,NoEffect,0,0x0,0x0,0x0
White Gem,0x0,0x404,0x0,0x74,0x9,0x0,0x0,0x0,1,0,0,0,0,0x11,20000,NoRank,0x86,0x0,NoEffect,0,0x0,0x0,0x0
Blue Gem,0x0,0x404,0x0,0x75,0x9,0x0,0x0,0x0,1,0,0,0,0,0x11,10000,NoRank,0x87,0x0,NoEffect,0,0x0,0x0,0x0
Red Gem,0x0,0x404,0x0,0x76,0x9,0x0,0x0,0x0,1,0,0,0,0,0x11,5000,NoRank,0x88,0x0,NoEffect,0,0x0,0x0,0x0
Gold,0x0,0x404,0x4da,0x77,0x9,0x0,0x0,0x0,1,0,0,0,0,0x11,0,NoRank,0x89,0x0,NoEffect,0,0x0,0x0,0x0
Reginleif,0x0,0x404,0x0,0x78,0x1,IsWeapon|Indestructible,0x0,LordWeaponEffectiveness|IsPointer,45,10,80,8,10,0x11,160,NoRank,0xb3,0x0,NoEffect,2,0x0,0x0,0x0
Chest Key (5),0x0,0x404,0x4cf,0x79,0x9,0x0,0x0,0x0,5,0,0,0,0,0x11,300,NoRank,0x67,0x26,NoEffect,0,0x0,0x0,0x0
Mine (DUMMY),0x0,0x404,0x0,0x7a,0x9,0x0,0x0,0x0,1,0,0,0,0,0x11,500,NoRank,0x8c,0x27,NoEffect,0,0x0,0x0,0x0
Light Rune (DUMMY),0x0,0x404,0x0,0x7b,0x9,0x0,0x0,0x0,1,0,0,0,0,0x11,800,NoRank,0x8d,0x28,NoEffect,0,0x0,0x0,0x0
Hoplon Guard,0x0,0x404,0x4dd,0x7c,0x9,Indestructible|NegateCriticals,0x0,0x0,0,0,0,0,0,0x11,5000,NoRank,0xdb,0x0,NoEffect,0,0x0,0x0,0x0
Filla's Might (DUMMY),0x0,0x404,0x0,0x7d,0xc,CannotRepair,0x0,0x0,15,0,0,0,0,0x11,0,NoRank,0x8f,0x29,NoEffect,0,0x0,"ItemStatus(AtkRingStatusID,1)",0x0
Ninis's Grace (DUMMY),0x0,0x404,0x0,0x7e,0xc,CannotRepair,0x0,0x0,15,0,0,0,0,0x11,0,NoRank,0x90,0x2a,NoEffect,0,0x0,"ItemStatus(DefRingStatusID,1)",0x0
Thor's Ire (DUMMY),0x0,0x404,0x0,0x7f,0xc,CannotRepair,0x0,0x0,15,0,0,0,0,0x11,0,NoRank,0x91,0x2b,NoEffect,0,0x0,"ItemStatus(CritRingStatusID,1)",0x0
Set's Litany (DUMMY),0x0,0x404,0x0,0x80,0xc,CannotRepair,0x0,0x0,15,0,0,0,0,0x11,0,NoRank,0x92,0x2c,NoEffect,0,0x0,"ItemStatus(AvoRingStatusID,1)",0x0
Shadowkiller,0x0,0x404,0x0,0x81,0x0,IsWeapon|Indestructible,0x0,MonsterEffectiveness|IsPointer,60,5,90,5,5,0x11,0,ERank,0x93,0x0,NoEffect,1,0x0,0x0,0x0
Bright Lance,0x0,0x404,0x0,0x82,0x1,IsWeapon|Indestructible,0x0,MonsterEffectiveness|IsPointer,60,7,80,8,5,0x11,0,ERank,0x94,0x0,NoEffect,1,0x0,0x0,0x0
Fiendcleaver,0x0,0x404,0x0,0x83,0x2,IsWeapon|Indestructible,0x0,MonsterEffectiveness|IsPointer,60,8,75,10,5,0x11,0,ERank,0x95,0x0,NoEffect,1,0x0,0x0,0x0
Beacon Bow,0x0,0x404,0x0,0x84,0x3,IsWeapon|Indestructible,0x0,FlierAndMonster1|IsPointer,60,6,85,5,5,0x23,0,ERank,0x96,0x0,NoEffect,1,0x0,0x0,0x0
Sieglinde,0x0,0x404,0x0,0x85,0x0,IsWeapon|Indestructible|Unsellable|EirikaLock,0x88aef48,SacredWeaponEffectiveness|IsPointer,30,16,90,9,0,0x11,0,NoRank,0xb0,0x0,NoEffect,1,0x0,0x0,0x0
Battle Axe,0x0,0x404,0x0,0x86,0x2,IsWeapon|Indestructible,0x0,0x0,20,13,60,15,5,0x11,50,BRank,0xb8,0x0,NoEffect,1,0x0,0x0,0x0
Ivaldi,0x0,0x404,0x0,0x87,0x6,IsWeapon|Indestructible|IsMagic|Unsellable,0x88aef54,SacredWeaponEffectiveness|IsPointer,30,17,90,10,5,0x12,0,SRank,0xbb,0x0,NoEffect,1,0x0,0x0,0x0
Master Seal,0x0,0x404,0x4de,0x88,0x9,0x0,0x0,0x0,1,0,0,0,0,0x11,20000,NoRank,0xd9,0x2d,NoEffect,0,0x0,0x0,0x0
Metis's Tome,0x0,0x404,0x4df,0x89,0x9,0x0,0x0,0x0,1,0,0,0,0,0x11,0,NoRank,0xdc,0x2e,NoEffect,0,0x0,0x0,0x0
Heaven Seal (DUMMY),0x0,0x404,0x0,0x8a,0x9,0x0,0x0,0x0,1,0,0,0,0,0x11,20000,NoRank,0x9c,0x2f,NoEffect,0,0x0,0x0,0x0
Sharp Claw,0x0,0x404,0x0,0x8b,0xb,IsWeapon|Indestructible|Indestructible|MonsterWeapon,0x0,0x0,0,14,65,14,0,0x11,0,NoRank,0xd0,0x0,NoEffect,0,0x0,0x0,0x0
Latona,0x0,0x404,0x4be,0x8c,0x4,IsStaff|Unsellable,0x0,0x0,3,0,100,5,0,0xff,0,SRank,0xc3,0x37,NoEffect,1,0x0,0x0,0x0
Dragonspear,0x0,0x404,0x0,0x8d,0x1,IsWeapon|Indestructible,0x0,DragonEffectiveness|IsPointer,30,10,70,8,0,0x11,150,CRank,0xb6,0x0,NoEffect,1,0x0,0x0,0x0
Vidofnir,0x0,0x404,0x0,0x8e,0x1,IsWeapon|Indestructible|Unsellable,0x88aef60,SacredWeaponEffectiveness|IsPointer,30,15,85,11,0,0x11,0,SRank,0xb5,0x0,NoEffect,1,0x0,0x0,0x0
Naglfar,0x0,0x404,0x0,0x8f,0x7,IsWeapon|Indestructible|IsMagic|Indestructible,0x0,0x0,0,25,95,18,0,0x12,0,SRank,0xbd,0x0,NoEffect,1,0x0,0x0,0x0
Wretched Air,0x0,0x404,0x4ac,0x90,0xb,IsWeapon|Indestructible|Indestructible|MonsterWeapon|NegateDef,0x88aef6c,0x0,0,10,100,0,0,0x12,0,ARank,0x79,0x0,NoEffect,0,0x0,0x0,0x0
Audhulma,0x0,0x404,0x0,0x91,0x0,IsWeapon|Indestructible|Unsellable,0x88aef78,SacredWeaponEffectiveness|IsPointer,30,18,85,9,0,0x11,0,SRank,0xb1,0x0,NoEffect,1,0x0,0x0,0x0
Siegmund,0x0,0x404,0x0,0x92,0x1,IsWeapon|Indestructible|Unsellable|EphraimLock,0x88aef84,SacredWeaponEffectiveness|IsPointer,30,17,80,11,0,0x11,0,NoRank,0xb4,0x0,NoEffect,1,0x0,0x0,0x0
Garm,0x0,0x404,0x0,0x93,0x2,IsWeapon|Indestructible|Unsellable,0x88aef90,SacredWeaponEffectiveness|IsPointer,30,20,75,13,0,0x11,0,SRank,0xb7,0x0,NoEffect,1,0x0,0x0,0x0
Nidhogg,0x0,0x404,0x0,0x94,0x3,IsWeapon|Indestructible|Unsellable,0x88aef9c,FlierAndMonster2|IsPointer,30,18,80,7,0,0x22,0,SRank,0xba,0x0,NoEffect,1,0x0,0x0,0x0
Heavy Lance,0x0,0x404,0x0,0x95,0x1,IsWeapon|Indestructible,0x0,ArmorEffectiveness|IsPointer,16,9,70,14,0,0x11,75,DRank,0xa7,0x0,NoEffect,1,0x0,0x0,0x0
Short Spear,ShortSpearName,0x404,0x0,0x96,0x1,IsWeapon|Indestructible,0x0,0x0,18,9,60,12,0,0x12,50,CRank,0xa8,0x0,NoEffect,1,0x0,0x0,0x0
Ocean Seal,0x0,0x404,0x4e0,0x97,0x9,0x0,0x0,0x0,1,0,0,0,0,0x11,10000,NoRank,0xa9,0x30,NoEffect,0,0x0,0x0,0x0
Lunar Brace,0x0,0x404,0x4e1,0x98,0x9,Unsellable,0x0,0x0,1,0,0,0,0,0x11,0,NoRank,0xd8,0x31,NoEffect,0,0x0,0x0,0x0
Solar Brace,0x0,0x404,0x4e2,0x99,0x9,Unsellable,0x0,0x0,1,0,0,0,0,0x11,0,NoRank,0xd7,0x32,NoEffect,0,0x0,0x0,0x0
1G,0x0,0x404,0x4da,0x9a,0x9,0x0,0x0,0x0,1,0,0,0,0,0x11,1,NoRank,0x89,0x0,NoEffect,0,0x0,0x0,0x0
5G,0x0,0x404,0x4da,0x9b,0x9,0x0,0x0,0x0,1,0,0,0,0,0x11,5,NoRank,0x89,0x0,NoEffect,0,0x0,0x0,0x0
10G,0x0,0x404,0x4da,0x9c,0x9,0x0,0x0,0x0,1,0,0,0,0,0x11,10,NoRank,0x89,0x0,NoEffect,0,0x0,0x0,0x0
50G,0x0,0x404,0x4da,0x9d,0x9,0x0,0x0,0x0,1,0,0,0,0,0x11,50,NoRank,0x89,0x0,NoEffect,0,0x0,0x0,0x0
100G,0x0,0x404,0x4da,0x9e,0x9,0x0,0x0,0x0,1,0,0,0,0,0x11,100,NoRank,0x89,0x0,NoEffect,0,0x0,0x0,0x0
3000G,0x0,0x404,0x4da,0x9f,0x9,0x0,0x0,0x0,1,0,0,0,0,0x11,3000,NoRank,0x89,0x0,NoEffect,0,0x0,0x0,0x0
5000G,0x0,0x404,0x4da,0xa0,0x9,0x0,0x0,0x0,1,0,0,0,0,0x11,5000,NoRank,0x89,0x0,NoEffect,0,0x0,0x0,0x0
Wind Sword,0x0,0x404,0x0,0xa1,0x0,IsWeapon|Indestructible|MagicDamage,0x0,FlierEffectiveness|IsPointer,40,9,70,9,0,0x12,200,BRank,0xaa,0x0,NoEffect,1,0x0,0x0,0x0
Vulnerary,0x0,0x404,0x4d2,0xa2,0x9,0x0,0x0,0x0,60,0,0,0,0,0x11,100,NoRank,0x6a,0x33,NoEffect,0,0x0,0x0,0x0
Vulnerary (green note),0x0,0x404,0x4d2,0xa3,0x9,0x0,0x0,0x0,60,0,0,0,0,0x11,100,NoRank,0xab,0x34,NoEffect,0,0x0,0x0,0x0
Vulnerary (red note),0x0,0x404,0x4d2,0xa4,0x9,0x0,0x0,0x0,60,0,0,0,0,0x11,100,NoRank,0xac,0x35,NoEffect,0,0x0,0x0,0x0
Dance,0x0,0x404,0x4bf,0xa5,0xc,0x0,0x0,0x0,0,0,0,0,0,0x11,0,NoRank,0x0,0x0,NoEffect,0,0x0,0x0,0x0
Nightmare,0x0,0x404,0x0,0xa6,0x4,IsStaff,0x88aefa8,0x0,1,0,70,8,0,0x13,0,NoRank,0xc7,0x35,NoEffect,0,0x0,"ItemStatus(SleepStatusID,5)",0x0
Leather Shield,0x0,0x404,0x4ae,0xa7,0x9,Indestructible,0x0,0x0,0,10,65,0,0,0x11,0,NoRank,0x88,0x0,NoEffect,0,0x0,0x0,0x0
Iron Shield,0x0,0x404,0x0,0xa8,0x9,Indestructible,0x88aefb4,0x0,0,15,60,0,0,0x13,0,NoRank,0xc5,0x0,NoEffect,0,0x0,0x0,0x0
Steel Shield,0x0,0x404,0x0,0xa9,0x9,Indestructible,0x88aefc0,0x0,0,15,85,0,10,0x11,0,NoRank,0xc6,0x0,NoEffect,0,0x0,0x0,0x0
Silver Shield,0x0,0x404,0x4ad,0xaa,0x9,Indestructible,0x88aefcc,0x0,50,16,100,0,15,0x11,0,NoRank,0xc4,0x0,NoEffect,0,0x0,0x0,0x0
Talisman Shield,0x0,0x404,0x0,0xab,0x9,Indestructible,0x0,0x0,0,11,80,10,0,0x12,0,NoRank,0xc1,0x0,NoEffect,0,0x0,0x0,0x0
Hexlock Shield,0x0,0x404,0x0,0xac,0x9,Indestructible,0x0,0x0,5,13,70,20,5,0x3a,0,NoRank,0xc2,0x0,CannotDoubleEffect,0,0x0,0x0,0x0
Aegis Shield,0x0,0x404,0x0,0xad,0x9,Indestructible,0x0,0x0,0,7,80,8,0,0x11,0,NoRank,0xd1,0x0,NoEffect,0,0x0,0x0,0x0
Ochain Shield,0x0,0x404,0x0,0xae,0x9,Indestructible,0x0,0x0,0,12,75,10,0,0x11,0,NoRank,0xd2,0x0,NoEffect,0,0x0,0x0,0x0
Seiros Shield,0x0,0x404,0x0,0xaf,0x9,Indestructible,0x0,0x0,0,6,65,10,0,0x11,0,NoRank,0xd3,0x0,PoisonEffect,0,0x0,0x0,0x0
Aurora Shield,0x0,0x404,0x0,0xb0,0x9,Indestructible,0x0,0x0,0,10,60,12,0,0x11,0,NoRank,0xd4,0x0,PoisonEffect,0,0x0,0x0,0x0
Kadmos Shield,0x0,0x404,0x0,0xb1,0x9,Indestructible,0x0,0x0,0,5,90,5,0,0x11,0,NoRank,0xd5,0x0,NoEffect,0,0x0,0x0,0x0
Lampos Shield,0x0,0x404,0x0,0xb2,0x9,Indestructible,0x0,0x0,0,13,80,8,0,0x11,0,NoRank,0xd6,0x0,NoEffect,0,0x0,0x0,0x0
Caduceus Staff,0x0,0x404,0x0,0xb3,0x9,Indestructible,0x0,0x0,0,7,85,6,0,0x12,0,NoRank,0xbe,0x0,NoEffect,0,0x0,0x0,0x0
Thyrsus,0x0,0x404,0x0,0xb4,0x9,Indestructible,0x0,0x0,0,14,70,13,5,0x12,0,NoRank,0xbf,0x0,NoEffect,0,0x0,0x0,0x0
Fetters of Dromi,0x0,0x404,0x0,0xb5,0x9,Indestructible,0x0,0x0,5,0,65,8,0,0x13,0,NoRank,0xc0,0x0,StoneEffect,5,0x0,0x0,0x0
Rafail Gem,0x0,0x404,0x0,0xb6,0x9,Indestructible,0x0,0x0,20,8,85,2,0,0x12,55,BRank,0x35,0x0,NoEffect,1,0x0,0x0,0x0
Juna Fruit,0x0,0x404,0x4e3,0xb7,0x9,0x0,0x0,0x0,1,0,0,0,0,0x11,0,NoRank,0xdd,0x36,NoEffect,0,0x0,0x0,0x0
150G,0x0,0x404,0x4da,0xb8,0x9,0x0,0x0,0x0,1,0,0,0,0,0x11,150,NoRank,0x89,0x0,NoEffect,0,0x0,0x0,0x0
200G,0x0,0x404,0x4da,0xb9,0x9,0x0,0x0,0x0,1,0,0,0,0,0x11,200,NoRank,0x89,0x0,NoEffect,0,0x0,0x0,0x0
Black Gem,0x0,0x404,0x0,0xba,0x9,0x0,0x0,0x0,1,0,0,0,0,0x11,30000,NoRank,0xc8,0x0,NoEffect,0,0x0,0x0,0x0
Gold Gem,0x0,0x404,0x0,0xbb,0x9,0x0,0x0,0x0,1,0,0,0,0,0x11,40000,NoRank,0xc9,0x0,NoEffect,0,0x0,0x0,0x0
Skill Scroll,0xFFFF,0xFFFF,SkillScrollDesc,0xbc,0x9,0x0,0x0,0x0,1,0,0,0,0,0x11,10000,NoRank,0x0,0x38,NoEffect,0,0x0,0x0,0x0
Thunderbrand,ThunderbrandName,0x404,0x0,0xbd,0x0,IsWeapon|Indestructible,0x0,SacredWeaponEffectiveness|IsPointer,0,0,0,0,0,0x11,0,SRank,0x0,0x0,NoEffect,1,0x0,0x0,0x0
Blutgang,BlutgangName,0x404,0x0,0xbe,0x0,IsWeapon|Indestructible|IsMagic,0x0,SacredWeaponEffectiveness|IsPointer,0,11,80,10,0,0x11,0,SRank,0x0,0x0,NoEffect,1,0x0,0x0,0x0
Creator Swd,CreatorSwordName,0x404,0x0,0xbf,0x0,IsWeapon|Indestructible,0x0,SacredWeaponEffectiveness|IsPointer,0,11,80,10,0,0x12,0,SRank,0x0,0x0,NoEffect,1,0x0,0x0,0x0
Dark Creator Swd,DarkCreatorSwordName,0x404,0x0,0xc0,0x0,IsWeapon|Indestructible,0x0,SacredWeaponEffectiveness|IsPointer,0,0,0,0,0,0x12,0,SRank,0x0,0x0,NoEffect,1,0x0,0x0,0x0
Sword of Seiros,SeirosSwordName,0x404,0x0,0xc1,0x0,IsWeapon|Indestructible|IsMagic,0x0,0x0,0,0,0,0,0,0x11,0,SRank,0x0,0x0,NoEffect,1,0x0,0x0,0x0
Sword of Begalta,BegaltaSwordName,0x404,0x0,0xc2,0x0,IsWeapon|Indestructible,0x0,0x0,0,0,0,0,0,0x11,0,SRank,0x0,0x0,NoEffect,1,0x0,0x0,0x0
Sword of Moralta,MoraltaSwordName,0x404,0x0,0xc3,0x0,IsWeapon|Indestructible,0x0,0x0,0,0,0,0,0,0x11,0,SRank,0x0,0x0,NoEffect,1,0x0,0x0,0x0
Crescent Sickle,CrescentSickleName,0x404,0x0,0xc4,0x1,IsWeapon|Indestructible,0x0,0x0,0,11,80,10,0,0x11,0,BRank,0x0,0x0,NoEffect,1,0x0,0x0,0x0
Arrow of Indra,IndraArrowName,0x404,0x0,0xc5,0x1,IsWeapon|Indestructible|IsMagic,0x0,0x0,0,11,80,10,0,0x12,0,BRank,0x0,0x0,NoEffect,1,0x0,0x0,0x0
Lance of Zoltan,ZoltanLanceName,0x404,0x0,0xc6,0x1,IsWeapon|Indestructible,0x0,0x0,0,0,0,0,0,0x11,0,ARank,0x0,0x0,NoEffect,1,0x0,0x0,0x0
Scythe of Sariel,SarielScytheName,0x404,0x0,0xc7,0x1,IsWeapon|Indestructible,0x0,0x0,0,11,80,10,0,0x11,0,SRank,0x0,0x0,NoEffect,1,0x0,0x0,0x0
Gradivus,GradivusName,0x404,0x0,0xc8,0x1,IsWeapon|Indestructible,0x0,0x0,0,0,0,0,0,0x12,0,SRank,0x0,0x0,NoEffect,1,0x0,0x0,0x0
Lance of Ruin,LanceOfRuinName,0x404,0x0,0xc9,0x1,IsWeapon|Indestructible,0x0,SacredWeaponEffectiveness|IsPointer,0,11,80,10,0,0x12,0,SRank,0x0,0x0,NoEffect,1,0x0,0x0,0x0
Areadbhar,AreadbharName,0x404,0x0,0xca,0x1,IsWeapon|Indestructible,0x0,SacredWeaponEffectiveness|IsPointer,0,0,0,0,0,0x12,0,SRank,0x0,0x0,NoEffect,1,0x0,0x0,0x0
Luin,LuinName,0x404,0x0,0xcb,0x1,IsWeapon|Indestructible,0x0,SacredWeaponEffectiveness|IsPointer,0,0,0,0,0,0x12,0,SRank,0x0,0x0,NoEffect,1,0x0,0x0,0x0
Spear of Assal,AssalSpearName,0x404,0x0,0xcc,0x1,IsWeapon|Indestructible,0x0,HorseEffectiveness|IsPointer,1,0,0,0,0,0x11,0,SRank,0x9d,0x0,NoEffect,0,0x0,0x0,0x0
Hauteclere,0x0,0x404,0x0,0xcd,0x2,IsWeapon|Indestructible,0x0,0x0,0,0,0,0,0,0x11,0,SRank,0x0,0x0,NoEffect,1,0x0,0x0,0x0
Dahaka,0x0,0x404,0x0,0xce,0x2,IsWeapon|Indestructible,0x0,0x0,0,11,80,10,0,0x11,0,SRank,0x0,0x0,NoEffect,1,0x0,0x0,0x0
Aymr,0x0,0x404,0x0,0xcf,0x2,IsWeapon|Indestructible,0x0,SacredWeaponEffectiveness|IsPointer,0,0,0,0,0,0x11,0,SRank,0x0,0x0,NoEffect,1,0x0,0x0,0x0
Freikugel,0x0,0x404,0x0,0xd0,0x2,IsWeapon|Indestructible|IsMagic,0x0,SacredWeaponEffectiveness|IsPointer,0,0,0,0,0,0x11,0,SRank,0x0,0x0,NoEffect,1,0x0,0x0,0x0
Crusher,0x0,0x404,0x0,0xd1,0x2,IsWeapon|Indestructible|IsMagic,0x0,SacredWeaponEffectiveness|IsPointer,1,0,0,0,0,0x11,0,SRank,0x9d,0x0,NoEffect,0,0x0,0x0,0x0
Labraunda,0x0,0x404,0x0,0xd2,0x2,IsWeapon|Indestructible,0x0,0x0,0,0,0,0,0,0x11,0,SRank,0x0,0x0,NoEffect,1,0x0,0x0,0x0
Axe of Ukonvasara,0x0,0x404,0x0,0xd3,0x2,IsWeapon|Indestructible,0x0,ArmorEffectiveness|IsPointer,0,11,80,10,0,0x11,0,SRank,0x0,0x0,NoEffect,1,0x0,0x0,0x0
Magic Bow,0x0,0x404,0x0,0xd4,0x3,IsWeapon|Indestructible|IsMagic,0x0,FlierEffectiveness|IsPointer,0,0,0,0,0,0x23,0,CRank,0x0,0x0,NoEffect,1,0x0,0x0,0x0
Bow of Zoltan,0x0,0x404,0x0,0xd5,0x3,IsWeapon|Indestructible,0x0,FlierEffectiveness|IsPointer,0,0,0,0,0,0x23,0,ARank,0x0,0x0,NoEffect,1,0x0,0x0,0x0
Parthia,0x0,0x404,0x0,0xd6,0x3,IsWeapon|Indestructible,0x0,FlierEffectiveness|IsPointer,1,0,0,0,0,0x23,0,SRank,0x9d,0x0,NoEffect,0,0x0,0x0,0x0
Failnaught,0x0,0x404,0x0,0xd7,0x3,IsWeapon|Indestructible,0x0,FlierAndMonster2|IsPointer,0,0,0,0,0,0x24,0,SRank,0x0,0x0,NoEffect,1,0x0,0x0,0x0
Tathlum Bow,0x0,0x404,0x0,0xd8,0x3,IsWeapon|Indestructible,0x0,FlierEffectiveness|IsPointer,0,11,80,10,0,0x23,0,SRank,0x0,0x0,NoEffect,1,0x0,0x0,0x0
The Inexhaustible,0x0,0x404,0x0,0xd9,0x3,IsWeapon|Indestructible,0x0,FlierEffectiveness|IsPointer,0,0,0,0,0,0x23,0,SRank,0x0,0x0,NoEffect,1,0x0,0x0,0x0
Luna,0x0,0x404,0x0,0xda,0x5,IsWeapon|Indestructible|IsMagic|NegateDef,0x0,0x0,0,1,70,13,0,0x12,0,BRank,0x0,0x0,NoEffect,1,0x0,0x0,0x0
Dark Spikes,DarkSpikesName,DarkSpikesDesc,0x0,0xdb,0x5,IsWeapon|Indestructible|IsMagic,0x0,HorseEffectiveness|IsPointer,1,13,80,11,0,0x12,0,BRank,0x9d,0x0,NoEffect,0,0x0,0x0,0x0
Hades,0x0,0x404,0x0,0xdc,0x5,IsWeapon|Indestructible|IsMagic,0x0,0x0,0,18,65,16,0,0x12,0,ARank,0x0,0x0,NoEffect,1,0x0,0x0,0x0
Bohr,0x0,0x404,0x0,0xdd,0x5,IsWeapon|Indestructible|IsMagic,0x0,0x0,0,10,60,20,0,0x3a,0,SRank,0x0,0x0,NoEffect,1,0x0,0x0,0x0
Quake,0x0,0x404,0x0,0xde,0x5,IsWeapon|Indestructible|IsMagic,0x0,0x0,0,8,50,20,0,0x12,0,SRank,0x0,0x0,NoEffect,1,0x0,0x0,0x0
"Hrotti (kills horses, hapi)",0x0,0x404,0x0,0xdf,0x5,IsWeapon|Indestructible|IsMagic,0x0,HorseEffectiveness|IsPointer,0,19,70,13,0,0x11,0,SRank,0x0,0x0,NoEffect,1,0x0,0x0,0x0
Ichor Scroll (mercedes),0x0,0x404,0x0,0xe0,0x5,IsWeapon|Indestructible|IsMagic,0x0,0x0,1,21,90,14,0,0x12,0,SRank,0x9d,0x0,NoEffect,0,0x0,0x0,0x0
Suttungr's Mystery (lysithea),0x0,0x404,0x0,0xe1,0x5,IsWeapon|Indestructible|IsMagic,0x0,0x0,0,25,80,18,0,0x12,0,SRank,0x0,0x0,NoEffect,1,0x0,0x0,0x0
Wind Caller's Genesis (monica),0x0,0x404,0x0,0xe2,0x5,IsWeapon|Indestructible|IsMagic,0x0,0x0,0,11,100,6,0,0x12,0,SRank,0x0,0x0,NoEffect,1,0x0,0x0,0x0
Scroll of Talos (constance),0x0,0x404,0x0,0xe3,0x5,IsWeapon|Indestructible|IsMagic,0x0,0x0,0,14,95,13,0,0x23,0,SRank,0x0,0x0,NoEffect,1,0x0,0x0,0x0
Amalthea (flayn),0x0,0x404,0x0,0xe4,0x5,IsWeapon|Indestructible|IsMagic|IsBrave,0x0,0x0,0,6,85,10,0,0x12,0,SRank,0x0,0x0,NoEffect,1,0x0,0x0,0x0
Iron Gauntlets,IronGauntletName,IronGauntletDesc,0x0,0xe5,0x6,IsWeapon|Indestructible|IsBrave,0x0,0x0,1,1,90,6,5,0x11,0,ERank,0x9d,0x0,NoEffect,0,0x0,0x0,0x0
Steel Knuckles,0x0,0x404,0x0,0xe6,0x6,IsWeapon|Indestructible|IsBrave,0x0,0x0,0,3,80,12,5,0x11,0,DRank,0x0,0x0,NoEffect,1,0x0,0x0,0x0
Silver Gauntlets,0x0,0x404,0x0,0xe7,0x6,IsWeapon|Indestructible|IsBrave,0x0,0x0,0,4,85,9,5,0x11,0,BRank,0x0,0x0,NoEffect,1,0x0,0x0,0x0
Killer Knuckles,0x0,0x404,0x0,0xe8,0x6,IsWeapon|Indestructible|IsBrave,0x0,0x0,0,3,0,10,30,0x11,0,CRank,0x0,0x0,NoEffect,1,0x0,0x0,0x0
Wolf Fangs,0x0,0x404,0x0,0xe9,0x6,IsWeapon|Indestructible|IsBrave,0x0,0x0,0,3,0,11,5,0x11,0,CRank,0x0,0x0,NoEffect,1,0x0,0x0,0x0
Aura Knuckles,0x0,0x404,0x0,0xea,0x6,IsWeapon|Indestructible|IsMagic|IsBrave,0x0,0x0,1,2,0,8,0,0x11,0,BRank,0x9d,0x0,NoEffect,0,0x0,0x0,0x0
Dragon Claws,0x0,0x404,0x0,0xeb,0x6,IsWeapon|Indestructible|IsBrave,0x0,DragonEffectiveness|IsPointer,0,4,0,11,5,0x11,0,ARank,0x0,0x0,NoEffect,1,0x0,0x0,0x0
Vajra-Mushti,0x0,0x404,0x0,0xec,0x6,IsWeapon|Indestructible|IsBrave,0x0,SacredWeaponEffectiveness|IsPointer,0,11,80,10,0,0x11,0,SRank,0x0,0x0,NoEffect,1,0x0,0x0,0x0
Jarngreipr,0x0,0x404,0x0,0xed,0x6,IsWeapon|Indestructible|IsBrave,0x0,0x0,0,0,0,0,0,0x11,0,SRank,0x0,0x0,NoEffect,1,0x0,0x0,0x0
Nosferatu,0x0,0x404,0x0,0xee,0x4,IsWeapon|Indestructible|IsMagic,0x0,0x0,0,1,80,8,0,0x12,0,ERank,0x0,0x0,NoEffect,1,0x0,0x0,0x0
Seraphim,0x0,0x404,0x0,0xef,0x4,IsWeapon|Indestructible|IsMagic,0x0,0x0,0,9,85,10,0,0x12,0,CRank,0x0,0x0,NoEffect,1,0x0,0x0,0x0
Aura,0x0,0x404,0x0,0xf0,0x4,IsWeapon|Indestructible|IsMagic,0x0,0x0,0,12,75,12,30,0x12,0,BRank,0x0,0x0,NoEffect,1,0x0,0x0,0x0
Abraxas,0x0,0x404,0x0,0xf1,0x4,IsWeapon|Indestructible|IsMagic,0x0,0x0,0,17,90,13,10,0x12,0,ARank,0x0,0x0,NoEffect,1,0x0,0x0,0x0
0xcb,0x0,0x404,0x0,0xf2,0x4,0x0,0x0,0x0,0,0,0,0,0,0x12,0,NoRank,0x0,0x0,NoEffect,1,0x0,0x0,0x0
0xcc,0x0,0x404,0x0,0xf3,0x9,0x0,0x0,0x0,1,0,0,0,0,0x11,0,NoRank,0x9d,0x0,NoEffect,0,0x0,0x0,0x0
0xcd,0x0,0x404,0x0,0xf4,0xc,0x0,0x0,0x0,0,0,0,0,0,0x12,0,NoRank,0x0,0x0,NoEffect,1,0x0,0x0,0x0
0xc9,0x0,0x404,0x0,0xf5,0x6,0x0,0x0,0x0,0,11,80,10,0,0x12,0,NoRank,0x0,0x0,NoEffect,1,0x0,0x0,0x0
0xca,0x0,0x404,0x0,0xf6,0x7,0x0,0x0,0x0,0,0,0,0,0,0x12,0,NoRank,0x0,0x0,NoEffect,1,0x0,0x0,0x0
0xcb,0x0,0x404,0x0,0xf7,0x7,0x0,0x0,0x0,0,0,0,0,0,0x12,0,NoRank,0x0,0x0,NoEffect,1,0x0,0x0,0x0
0xcc,0x0,0x404,0x0,0xf8,0x9,0x0,0x0,0x0,1,0,0,0,0,0x11,0,NoRank,0x9d,0x0,NoEffect,0,0x0,0x0,0x0
0xcd,0x0,0x404,0x0,0xf9,0xc,0x0,0x0,0x0,0,0,0,0,0,0x12,0,NoRank,0x0,0x0,NoEffect,1,0x0,0x0,0x0
0xc9,0x0,0x404,0x0,0xfa,0x6,0x0,0x0,0x0,0,11,80,10,0,0x12,0,NoRank,0x0,0x0,NoEffect,1,0x0,0x0,0x0
0xca,0x0,0x404,0x0,0xfb,0x7,0x0,0x0,0x0,0,0,0,0,0,0x12,0,NoRank,0x0,0x0,NoEffect,1,0x0,0x0,0x0
0xcb,0x0,0x404,0x0,0xfc,0x7,0x0,0x0,0x0,0,0,0,0,0,0x12,0,NoRank,0x0,0x0,NoEffect,1,0x0,0x0,0x0
0xcc,0x0,0x404,0x0,0xfd,0x9,0x0,0x0,0x0,1,0,0,0,0,0x11,0,NoRank,0x9d,0x0,NoEffect,0,0x0,0x0,0x0
0xcd,0x0,0x404,0x0,0xfe,0xc,0x0,0x0,0x0,0,0,0,0,0,0x12,0,NoRank,0x0,0x0,NoEffect,1,0x0,0x0,0x0
0xcd,0x0,0x404,0x0,0xff,0xc,0x0,0x0,0x0,0,0,0,0,0,0x12,0,NoRank,0x0,0x0,NoEffect,1,0x0,0x0,0x0
